run_accession	study_accession	experiment_accession	sample_accession	experiment_title	center_name	base_count	read_count	tax_id	library_strategy	library_selection	host	host_scientific_name	host_status	dev_stage	fastq_ftp
ERR411599	PRJEB1281	ERX377960	SAMEA2059220	Illumina HiSeq 2000 paired end sequencing	SC	23445346200	117226731	6183	RNA-Seq	cDNA					ftp.sra.ebi.ac.uk/vol1/fastq/ERR411/ERR411599/ERR411599_1.fastq.gz;ftp.sra.ebi.ac.uk/vol1/fastq/ERR411/ERR411599/ERR411599_2.fastq.gz
ERR570481	PRJEB1281	ERX529470	SAMEA2464724	Illumina HiSeq 2500 paired end sequencing	SC	1032337200	10323372	6183	RNA-Seq	cDNA				adult males	ftp.sra.ebi.ac.uk/vol1/fastq/ERR570/ERR570481/ERR570481_1.fastq.gz;ftp.sra.ebi.ac.uk/vol1/fastq/ERR570/ERR570481/ERR570481_2.fastq.gz
ERR570482	PRJEB1281	ERX529471	SAMEA2464725	Illumina HiSeq 2500 paired end sequencing	SC	1103034400	11030344	6183	RNA-Seq	cDNA				adult males	ftp.sra.ebi.ac.uk/vol1/fastq/ERR570/ERR570482/ERR570482_1.fastq.gz;ftp.sra.ebi.ac.uk/vol1/fastq/ERR570/ERR570482/ERR570482_2.fastq.gz
ERR570484	PRJEB1281	ERX529473	SAMEA2464727	Illumina HiSeq 2500 paired end sequencing	SC	1518378200	15183782	6183	RNA-Seq	cDNA				adult females	ftp.sra.ebi.ac.uk/vol1/fastq/ERR570/ERR570484/ERR570484_1.fastq.gz;ftp.sra.ebi.ac.uk/vol1/fastq/ERR570/ERR570484/ERR570484_2.fastq.gz
ERR570487	PRJEB1281	ERX529476	SAMEA2464730	Illumina HiSeq 2500 paired end sequencing	SC	1469808200	14698082	6183	RNA-Seq	cDNA				adult males and females	ftp.sra.ebi.ac.uk/vol1/fastq/ERR570/ERR570487/ERR570487_1.fastq.gz;ftp.sra.ebi.ac.uk/vol1/fastq/ERR570/ERR570487/ERR570487_2.fastq.gz
ERR1328136	PRJEB13046	ERX1399756	SAMEA3898097	Illumina HiSeq 2500 paired end sequencing	SC	1339051400	13390514	6183	RNA-Seq	cDNA				Intramammalian stage	ftp.sra.ebi.ac.uk/vol1/fastq/ERR132/006/ERR1328136/ERR1328136_1.fastq.gz;ftp.sra.ebi.ac.uk/vol1/fastq/ERR132/006/ERR1328136/ERR1328136_2.fastq.gz
ERR1328139	PRJEB13046	ERX1399759	SAMEA3898100	Illumina HiSeq 2500 paired end sequencing	SC	1484948000	14849480	6183	RNA-Seq	cDNA				Intramammalian stage	ftp.sra.ebi.ac.uk/vol1/fastq/ERR132/009/ERR1328139/ERR1328139_1.fastq.gz;ftp.sra.ebi.ac.uk/vol1/fastq/ERR132/009/ERR1328139/ERR1328139_2.fastq.gz
ERR1328140	PRJEB13046	ERX1399760	SAMEA3898101	Illumina HiSeq 2500 paired end sequencing	SC	1137443800	11374438	6183	RNA-Seq	cDNA				Intramammalian stage	ftp.sra.ebi.ac.uk/vol1/fastq/ERR132/000/ERR1328140/ERR1328140_1.fastq.gz;ftp.sra.ebi.ac.uk/vol1/fastq/ERR132/000/ERR1328140/ERR1328140_2.fastq.gz
ERR1328142	PRJEB13046	ERX1399762	SAMEA3898103	Illumina HiSeq 2500 paired end sequencing	SC	688453800	6884538	6183	RNA-Seq	cDNA				Intramammalian stage	ftp.sra.ebi.ac.uk/vol1/fastq/ERR132/002/ERR1328142/ERR1328142_1.fastq.gz;ftp.sra.ebi.ac.uk/vol1/fastq/ERR132/002/ERR1328142/ERR1328142_2.fastq.gz
ERR1328144	PRJEB13046	ERX1399764	SAMEA3898105	Illumina HiSeq 2500 paired end sequencing	SC	1435303200	14353032	6183	RNA-Seq	cDNA				Intramammalian stage	ftp.sra.ebi.ac.uk/vol1/fastq/ERR132/004/ERR1328144/ERR1328144_1.fastq.gz;ftp.sra.ebi.ac.uk/vol1/fastq/ERR132/004/ERR1328144/ERR1328144_2.fastq.gz
ERR506073	PRJEB14695	ERX471430	SAMEA2395933	Illumina HiSeq 2000 paired end sequencing	SC	1072026000	10720260	6183	RNA-Seq	cDNA					ftp.sra.ebi.ac.uk/vol1/fastq/ERR506/ERR506073/ERR506073_1.fastq.gz;ftp.sra.ebi.ac.uk/vol1/fastq/ERR506/ERR506073/ERR506073_2.fastq.gz
ERR506076	PRJEB14695	ERX471433	SAMEA2395936	Illumina HiSeq 2000 paired end sequencing	SC	1055973600	10559736	6183	RNA-Seq	cDNA					ftp.sra.ebi.ac.uk/vol1/fastq/ERR506/ERR506076/ERR506076_1.fastq.gz;ftp.sra.ebi.ac.uk/vol1/fastq/ERR506/ERR506076/ERR506076_2.fastq.gz
ERR506077	PRJEB14695	ERX471434	SAMEA2395937	Illumina HiSeq 2000 paired end sequencing	SC	571216000	5712160	6183	RNA-Seq	cDNA					ftp.sra.ebi.ac.uk/vol1/fastq/ERR506/ERR506077/ERR506077_1.fastq.gz;ftp.sra.ebi.ac.uk/vol1/fastq/ERR506/ERR506077/ERR506077_2.fastq.gz
ERR506082	PRJEB14695	ERX471439	SAMEA2395942	Illumina HiSeq 2000 paired end sequencing	SC	547805200	5478052	6183	RNA-Seq	cDNA					ftp.sra.ebi.ac.uk/vol1/fastq/ERR506/ERR506082/ERR506082_1.fastq.gz;ftp.sra.ebi.ac.uk/vol1/fastq/ERR506/ERR506082/ERR506082_2.fastq.gz
ERR506091	PRJEB14695	ERX471448	SAMEA2395951	Illumina HiSeq 2000 paired end sequencing	SC	798280000	7982800	6183	RNA-Seq	cDNA					ftp.sra.ebi.ac.uk/vol1/fastq/ERR506/ERR506091/ERR506091_1.fastq.gz;ftp.sra.ebi.ac.uk/vol1/fastq/ERR506/ERR506091/ERR506091_2.fastq.gz
ERR1674584	PRJEB15637	ERX1744635	SAMEA4483069	Illumina HiSeq 2500 paired end sequencing	SC	3294333200	32943332	6183	RNA-Seq	cDNA					ftp.sra.ebi.ac.uk/vol1/fastq/ERR167/004/ERR1674584/ERR1674584_1.fastq.gz;ftp.sra.ebi.ac.uk/vol1/fastq/ERR167/004/ERR1674584/ERR1674584_2.fastq.gz
ERR1674585	PRJEB15637	ERX1744636	SAMEA4483062	Illumina HiSeq 2500 paired end sequencing	SC	3897143400	38971434	6183	RNA-Seq	cDNA					ftp.sra.ebi.ac.uk/vol1/fastq/ERR167/005/ERR1674585/ERR1674585_1.fastq.gz;ftp.sra.ebi.ac.uk/vol1/fastq/ERR167/005/ERR1674585/ERR1674585_2.fastq.gz
ERR1674586	PRJEB15637	ERX1744637	SAMEA4483070	Illumina HiSeq 2500 paired end sequencing	SC	4351778400	43517784	6183	RNA-Seq	cDNA					ftp.sra.ebi.ac.uk/vol1/fastq/ERR167/006/ERR1674586/ERR1674586_1.fastq.gz;ftp.sra.ebi.ac.uk/vol1/fastq/ERR167/006/ERR1674586/ERR1674586_2.fastq.gz
ERR1674592	PRJEB15637	ERX1744643	SAMEA4483074	Illumina HiSeq 2500 paired end sequencing	SC	3709198600	37091986	6183	RNA-Seq	cDNA					ftp.sra.ebi.ac.uk/vol1/fastq/ERR167/002/ERR1674592/ERR1674592_1.fastq.gz;ftp.sra.ebi.ac.uk/vol1/fastq/ERR167/002/ERR1674592/ERR1674592_2.fastq.gz
ERR1674593	PRJEB15637	ERX1744644	SAMEA4483071	Illumina HiSeq 2500 paired end sequencing	SC	4320640200	43206402	6183	RNA-Seq	cDNA					ftp.sra.ebi.ac.uk/vol1/fastq/ERR167/003/ERR1674593/ERR1674593_1.fastq.gz;ftp.sra.ebi.ac.uk/vol1/fastq/ERR167/003/ERR1674593/ERR1674593_2.fastq.gz
ERR9854377	PRJEB22926	ERX9400412	SAMEA11466296	Illumina HiSeq 2500 paired end sequencing	SC	776230650	10349742	6183	RNA-Seq	PolyA					ftp.sra.ebi.ac.uk/vol1/fastq/ERR985/007/ERR9854377/ERR9854377_1.fastq.gz;ftp.sra.ebi.ac.uk/vol1/fastq/ERR985/007/ERR9854377/ERR9854377_2.fastq.gz
ERR9854384	PRJEB22926	ERX9400419	SAMEA11466303	Illumina HiSeq 2500 paired end sequencing	SC	839104350	11188058	6183	RNA-Seq	PolyA					ftp.sra.ebi.ac.uk/vol1/fastq/ERR985/004/ERR9854384/ERR9854384_1.fastq.gz;ftp.sra.ebi.ac.uk/vol1/fastq/ERR985/004/ERR9854384/ERR9854384_2.fastq.gz
ERR9854391	PRJEB22926	ERX9400426	SAMEA11466259	Illumina HiSeq 2500 paired end sequencing	SC	792494250	10566590	6183	RNA-Seq	PolyA					ftp.sra.ebi.ac.uk/vol1/fastq/ERR985/001/ERR9854391/ERR9854391_1.fastq.gz;ftp.sra.ebi.ac.uk/vol1/fastq/ERR985/001/ERR9854391/ERR9854391_2.fastq.gz
ERR9854411	PRJEB22926	ERX9400446	SAMEA11466279	Illumina HiSeq 2500 paired end sequencing	SC	799574850	10660998	6183	RNA-Seq	PolyA					ftp.sra.ebi.ac.uk/vol1/fastq/ERR985/001/ERR9854411/ERR9854411_1.fastq.gz;ftp.sra.ebi.ac.uk/vol1/fastq/ERR985/001/ERR9854411/ERR9854411_2.fastq.gz
ERR9854477	PRJEB22926	ERX9400512	SAMEA11466243	Illumina HiSeq 2500 paired end sequencing	SC	745553100	9940708	6183	RNA-Seq	PolyA					ftp.sra.ebi.ac.uk/vol1/fastq/ERR985/007/ERR9854477/ERR9854477_1.fastq.gz;ftp.sra.ebi.ac.uk/vol1/fastq/ERR985/007/ERR9854477/ERR9854477_2.fastq.gz
ERR2185289	PRJEB23253	ERX2241408	SAMEA104362971	Illumina MiSeq paired end sequencing	SC	162261300	1081742	6183	RNA-Seq	cDNA					ftp.sra.ebi.ac.uk/vol1/fastq/ERR218/009/ERR2185289/ERR2185289_1.fastq.gz;ftp.sra.ebi.ac.uk/vol1/fastq/ERR218/009/ERR2185289/ERR2185289_2.fastq.gz
ERR2185316	PRJEB23253	ERX2241435	SAMEA104362971	Illumina HiSeq 2500 paired end sequencing	SC	1549602750	12396822	6183	RNA-Seq	cDNA					ftp.sra.ebi.ac.uk/vol1/fastq/ERR218/006/ERR2185316/ERR2185316_1.fastq.gz;ftp.sra.ebi.ac.uk/vol1/fastq/ERR218/006/ERR2185316/ERR2185316_2.fastq.gz
ERR2185318	PRJEB23253	ERX2241437	SAMEA104362962	Illumina HiSeq 2500 paired end sequencing	SC	1269168000	10153344	6183	RNA-Seq	cDNA					ftp.sra.ebi.ac.uk/vol1/fastq/ERR218/008/ERR2185318/ERR2185318_1.fastq.gz;ftp.sra.ebi.ac.uk/vol1/fastq/ERR218/008/ERR2185318/ERR2185318_2.fastq.gz
ERR2185321	PRJEB23253	ERX2241440	SAMEA104362967	Illumina HiSeq 2500 paired end sequencing	SC	1437784500	11502276	6183	RNA-Seq	cDNA					ftp.sra.ebi.ac.uk/vol1/fastq/ERR218/001/ERR2185321/ERR2185321_1.fastq.gz;ftp.sra.ebi.ac.uk/vol1/fastq/ERR218/001/ERR2185321/ERR2185321_2.fastq.gz
ERR2185326	PRJEB23253	ERX2241445	SAMEA104362973	Illumina HiSeq 2500 paired end sequencing	SC	1197409000	9579272	6183	RNA-Seq	cDNA					ftp.sra.ebi.ac.uk/vol1/fastq/ERR218/006/ERR2185326/ERR2185326_1.fastq.gz;ftp.sra.ebi.ac.uk/vol1/fastq/ERR218/006/ERR2185326/ERR2185326_2.fastq.gz
ERR022872	PRJEB2350	ERX009279	SAMEA988623	Schistosoma mansoni transcriptomics at different life stages;Illumina Genome Analyzer II paired end sequencing; Schistosoma mansoni transcriptomics at different life stages	SC	2560651280	16846390	6183	RNA-Seq	cDNA					ftp.sra.ebi.ac.uk/vol1/fastq/ERR022/ERR022872/ERR022872_1.fastq.gz;ftp.sra.ebi.ac.uk/vol1/fastq/ERR022/ERR022872/ERR022872_2.fastq.gz
ERR022875	PRJEB2350	ERX009282	SAMEA988620	Schistosoma mansoni transcriptomics at different life stages;Illumina Genome Analyzer II paired end sequencing; Schistosoma mansoni transcriptomics at different life stages	SC	1975629576	12997563	6183	RNA-Seq	cDNA					ftp.sra.ebi.ac.uk/vol1/fastq/ERR022/ERR022875/ERR022875_1.fastq.gz;ftp.sra.ebi.ac.uk/vol1/fastq/ERR022/ERR022875/ERR022875_2.fastq.gz
ERR022879	PRJEB2350	ERX009274	SAMEA988617	Schistosoma mansoni transcriptomics at different life stages;Illumina Genome Analyzer II paired end sequencing; Schistosoma mansoni transcriptomics at different life stages	SC	4455802328	29314489	6183	RNA-Seq	cDNA					ftp.sra.ebi.ac.uk/vol1/fastq/ERR022/ERR022879/ERR022879_1.fastq.gz;ftp.sra.ebi.ac.uk/vol1/fastq/ERR022/ERR022879/ERR022879_2.fastq.gz
ERR022873	PRJEB2350	ERX009276	SAMEA988615	Schistosoma mansoni transcriptomics at different life stages;Illumina Genome Analyzer II paired end sequencing; Schistosoma mansoni transcriptomics at different life stages	SC	1599230760	10521255	6183	RNA-Seq	cDNA					ftp.sra.ebi.ac.uk/vol1/fastq/ERR022/ERR022873/ERR022873_1.fastq.gz;ftp.sra.ebi.ac.uk/vol1/fastq/ERR022/ERR022873/ERR022873_2.fastq.gz
ERR022878	PRJEB2350	ERX009277	SAMEA988614	Schistosoma mansoni transcriptomics at different life stages;Illumina Genome Analyzer II paired end sequencing; Schistosoma mansoni transcriptomics at different life stages	SC	3324906216	21874383	6183	RNA-Seq	cDNA					ftp.sra.ebi.ac.uk/vol1/fastq/ERR022/ERR022878/ERR022878_1.fastq.gz;ftp.sra.ebi.ac.uk/vol1/fastq/ERR022/ERR022878/ERR022878_2.fastq.gz
ERR5727342	PRJEB26892	ERX5442055	SAMEA5317236	Illumina HiSeq 4000 paired end sequencing	SC	735340050	9804534	6183	RNA-Seq	PolyA					ftp.sra.ebi.ac.uk/vol1/fastq/ERR572/002/ERR5727342/ERR5727342_1.fastq.gz;ftp.sra.ebi.ac.uk/vol1/fastq/ERR572/002/ERR5727342/ERR5727342_2.fastq.gz
ERR5727346	PRJEB26892	ERX5442059	SAMEA5317248	Illumina HiSeq 4000 paired end sequencing	SC	889461000	11859480	6183	RNA-Seq	PolyA					ftp.sra.ebi.ac.uk/vol1/fastq/ERR572/006/ERR5727346/ERR5727346_1.fastq.gz;ftp.sra.ebi.ac.uk/vol1/fastq/ERR572/006/ERR5727346/ERR5727346_2.fastq.gz
ERR5727348	PRJEB26892	ERX5442061	SAMEA5317256	Illumina HiSeq 4000 paired end sequencing	SC	722457750	9632770	6183	RNA-Seq	PolyA					ftp.sra.ebi.ac.uk/vol1/fastq/ERR572/008/ERR5727348/ERR5727348_1.fastq.gz;ftp.sra.ebi.ac.uk/vol1/fastq/ERR572/008/ERR5727348/ERR5727348_2.fastq.gz
ERR5727349	PRJEB26892	ERX5442062	SAMEA5317259	Illumina HiSeq 4000 paired end sequencing	SC	893530500	11913740	6183	RNA-Seq	PolyA					ftp.sra.ebi.ac.uk/vol1/fastq/ERR572/009/ERR5727349/ERR5727349_1.fastq.gz;ftp.sra.ebi.ac.uk/vol1/fastq/ERR572/009/ERR5727349/ERR5727349_2.fastq.gz
ERR5727352	PRJEB26892	ERX5442065	SAMEA5317262	Illumina HiSeq 4000 paired end sequencing	SC	864118800	11521584	6183	RNA-Seq	PolyA					ftp.sra.ebi.ac.uk/vol1/fastq/ERR572/002/ERR5727352/ERR5727352_1.fastq.gz;ftp.sra.ebi.ac.uk/vol1/fastq/ERR572/002/ERR5727352/ERR5727352_2.fastq.gz
ERR3489983	PRJEB30644	ERX3511391	SAMEA4483147	Illumina HiSeq 2500 paired end sequencing	SC	1644850350	21931338	6183	RNA-Seq	PolyA					ftp.sra.ebi.ac.uk/vol1/fastq/ERR348/003/ERR3489983/ERR3489983_1.fastq.gz;ftp.sra.ebi.ac.uk/vol1/fastq/ERR348/003/ERR3489983/ERR3489983_2.fastq.gz
ERR3489985	PRJEB30644	ERX3511393	SAMEA4483149	Illumina HiSeq 2500 paired end sequencing	SC	1687983750	22506450	6183	RNA-Seq	PolyA					ftp.sra.ebi.ac.uk/vol1/fastq/ERR348/005/ERR3489985/ERR3489985_1.fastq.gz;ftp.sra.ebi.ac.uk/vol1/fastq/ERR348/005/ERR3489985/ERR3489985_2.fastq.gz
ERR3489987	PRJEB30644	ERX3511395	SAMEA4483151	Illumina HiSeq 2500 paired end sequencing	SC	1724968500	22999580	6183	RNA-Seq	PolyA					ftp.sra.ebi.ac.uk/vol1/fastq/ERR348/007/ERR3489987/ERR3489987_1.fastq.gz;ftp.sra.ebi.ac.uk/vol1/fastq/ERR348/007/ERR3489987/ERR3489987_2.fastq.gz
ERR3489988	PRJEB30644	ERX3511396	SAMEA4483152	Illumina HiSeq 2500 paired end sequencing	SC	2025139800	27001864	6183	RNA-Seq	PolyA					ftp.sra.ebi.ac.uk/vol1/fastq/ERR348/008/ERR3489988/ERR3489988_1.fastq.gz;ftp.sra.ebi.ac.uk/vol1/fastq/ERR348/008/ERR3489988/ERR3489988_2.fastq.gz
ERR3489990	PRJEB30644	ERX3511398	SAMEA4483154	Illumina HiSeq 2500 paired end sequencing	SC	1299837900	17331172	6183	RNA-Seq	PolyA					ftp.sra.ebi.ac.uk/vol1/fastq/ERR348/000/ERR3489990/ERR3489990_1.fastq.gz;ftp.sra.ebi.ac.uk/vol1/fastq/ERR348/000/ERR3489990/ERR3489990_2.fastq.gz
ERR11178270	PRJEB32839	ERX10611156	SAMEA7225697	Illumina NovaSeq 6000 paired end sequencing	SC	6120514352	60599152	6183	RNA-Seq	PolyA					ftp.sra.ebi.ac.uk/vol1/fastq/ERR111/070/ERR11178270/ERR11178270_1.fastq.gz;ftp.sra.ebi.ac.uk/vol1/fastq/ERR111/070/ERR11178270/ERR11178270_2.fastq.gz
ERR11178275	PRJEB32839	ERX10611161	SAMEA7225759	Illumina NovaSeq 6000 paired end sequencing	SC	5889459076	58311476	6183	RNA-Seq	PolyA					ftp.sra.ebi.ac.uk/vol1/fastq/ERR111/075/ERR11178275/ERR11178275_1.fastq.gz;ftp.sra.ebi.ac.uk/vol1/fastq/ERR111/075/ERR11178275/ERR11178275_2.fastq.gz
ERR11178276	PRJEB32839	ERX10611162	SAMEA7225663	Illumina NovaSeq 6000 paired end sequencing	SC	6142064318	60812518	6183	RNA-Seq	PolyA					ftp.sra.ebi.ac.uk/vol1/fastq/ERR111/076/ERR11178276/ERR11178276_1.fastq.gz;ftp.sra.ebi.ac.uk/vol1/fastq/ERR111/076/ERR11178276/ERR11178276_2.fastq.gz
ERR11178277	PRJEB32839	ERX10611163	SAMEA7225775	Illumina NovaSeq 6000 paired end sequencing	SC	5234466602	51826402	6183	RNA-Seq	PolyA					ftp.sra.ebi.ac.uk/vol1/fastq/ERR111/077/ERR11178277/ERR11178277_1.fastq.gz;ftp.sra.ebi.ac.uk/vol1/fastq/ERR111/077/ERR11178277/ERR11178277_2.fastq.gz
ERR11178282	PRJEB32839	ERX10611168	SAMEA7225713	Illumina NovaSeq 6000 paired end sequencing	SC	4323891810	42810810	6183	RNA-Seq	PolyA					ftp.sra.ebi.ac.uk/vol1/fastq/ERR111/082/ERR11178282/ERR11178282_1.fastq.gz;ftp.sra.ebi.ac.uk/vol1/fastq/ERR111/082/ERR11178282/ERR11178282_2.fastq.gz
ERR3502268	PRJEB34071	ERX3523482	SAMEA5925677	Illumina HiSeq 4000 paired end sequencing	SC	9204112784	148453432	6183	RNA-Seq	PolyA					ftp.sra.ebi.ac.uk/vol1/fastq/ERR350/008/ERR3502268/ERR3502268_1.fastq.gz;ftp.sra.ebi.ac.uk/vol1/fastq/ERR350/008/ERR3502268/ERR3502268_2.fastq.gz
ERR3502271	PRJEB34071	ERX3523485	SAMEA5925677	Illumina HiSeq 4000 paired end sequencing	SC	11209551888	180799224	6183	RNA-Seq	PolyA					ftp.sra.ebi.ac.uk/vol1/fastq/ERR350/001/ERR3502271/ERR3502271_1.fastq.gz;ftp.sra.ebi.ac.uk/vol1/fastq/ERR350/001/ERR3502271/ERR3502271_2.fastq.gz
ERR3502272	PRJEB34071	ERX3523486	SAMEA5925684	Illumina HiSeq 4000 paired end sequencing	SC	8561428596	138087558	6183	RNA-Seq	PolyA					ftp.sra.ebi.ac.uk/vol1/fastq/ERR350/002/ERR3502272/ERR3502272_1.fastq.gz;ftp.sra.ebi.ac.uk/vol1/fastq/ERR350/002/ERR3502272/ERR3502272_2.fastq.gz
ERR3502274	PRJEB34071	ERX3523488	SAMEA5925684	Illumina HiSeq 4000 paired end sequencing	SC	10422007180	168096890	6183	RNA-Seq	PolyA					ftp.sra.ebi.ac.uk/vol1/fastq/ERR350/004/ERR3502274/ERR3502274_1.fastq.gz;ftp.sra.ebi.ac.uk/vol1/fastq/ERR350/004/ERR3502274/ERR3502274_2.fastq.gz
ERR3502278	PRJEB34071	ERX3523492	SAMEA5925678	Illumina HiSeq 4000 paired end sequencing	SC	11887025392	191726216	6183	RNA-Seq	PolyA					ftp.sra.ebi.ac.uk/vol1/fastq/ERR350/008/ERR3502278/ERR3502278_1.fastq.gz;ftp.sra.ebi.ac.uk/vol1/fastq/ERR350/008/ERR3502278/ERR3502278_2.fastq.gz
ERR582645	PRJEB4332	ERX540732	SAMEA2143098	Illumina HiSeq 2000 paired end sequencing	SC	3917854350	26119029	6183	RNA-Seq	cDNA					ftp.sra.ebi.ac.uk/vol1/fastq/ERR582/ERR582645/ERR582645_1.fastq.gz;ftp.sra.ebi.ac.uk/vol1/fastq/ERR582/ERR582645/ERR582645_2.fastq.gz
ERR582646	PRJEB4332	ERX540733	SAMEA2149079	Illumina HiSeq 2000 paired end sequencing	SC	5524254450	36828363	6183	RNA-Seq	cDNA					ftp.sra.ebi.ac.uk/vol1/fastq/ERR582/ERR582646/ERR582646_1.fastq.gz;ftp.sra.ebi.ac.uk/vol1/fastq/ERR582/ERR582646/ERR582646_2.fastq.gz
ERR582652	PRJEB4332	ERX540739	SAMEA2157272	Illumina HiSeq 2000 paired end sequencing	SC	4461926550	29746177	6183	RNA-Seq	cDNA					ftp.sra.ebi.ac.uk/vol1/fastq/ERR582/ERR582652/ERR582652_1.fastq.gz;ftp.sra.ebi.ac.uk/vol1/fastq/ERR582/ERR582652/ERR582652_2.fastq.gz
ERR582654	PRJEB4332	ERX540741	SAMEA2159190	Illumina HiSeq 2000 paired end sequencing	SC	5038926750	33592845	6183	RNA-Seq	cDNA					ftp.sra.ebi.ac.uk/vol1/fastq/ERR582/ERR582654/ERR582654_1.fastq.gz;ftp.sra.ebi.ac.uk/vol1/fastq/ERR582/ERR582654/ERR582654_2.fastq.gz
ERR582655	PRJEB4332	ERX540742	SAMEA2157953	Illumina HiSeq 2000 paired end sequencing	SC	4015180200	26767868	6183	RNA-Seq	cDNA					ftp.sra.ebi.ac.uk/vol1/fastq/ERR582/ERR582655/ERR582655_1.fastq.gz;ftp.sra.ebi.ac.uk/vol1/fastq/ERR582/ERR582655/ERR582655_2.fastq.gz
ERR5918495	PRJEB44842	ERX5559466	SAMEA8724461	Illumina HiSeq 2500 paired end sequencing	SC	202897050	2705294	6183	RNA-Seq	PolyA					ftp.sra.ebi.ac.uk/vol1/fastq/ERR591/005/ERR5918495/ERR5918495_1.fastq.gz;ftp.sra.ebi.ac.uk/vol1/fastq/ERR591/005/ERR5918495/ERR5918495_2.fastq.gz
ERR5918497	PRJEB44842	ERX5559468	SAMEA8724462	Illumina HiSeq 2500 paired end sequencing	SC	212655450	2835406	6183	RNA-Seq	PolyA					ftp.sra.ebi.ac.uk/vol1/fastq/ERR591/007/ERR5918497/ERR5918497_1.fastq.gz;ftp.sra.ebi.ac.uk/vol1/fastq/ERR591/007/ERR5918497/ERR5918497_2.fastq.gz
ERR5918501	PRJEB44842	ERX5559472	SAMEA8724464	Illumina HiSeq 2500 paired end sequencing	SC	237263100	3163508	6183	RNA-Seq	PolyA					ftp.sra.ebi.ac.uk/vol1/fastq/ERR591/001/ERR5918501/ERR5918501_1.fastq.gz;ftp.sra.ebi.ac.uk/vol1/fastq/ERR591/001/ERR5918501/ERR5918501_2.fastq.gz
ERR5918502	PRJEB44842	ERX5559473	SAMEA8724477	Illumina HiSeq 2500 paired end sequencing	SC	115449900	1539332	6183	RNA-Seq	PolyA					ftp.sra.ebi.ac.uk/vol1/fastq/ERR591/002/ERR5918502/ERR5918502_1.fastq.gz;ftp.sra.ebi.ac.uk/vol1/fastq/ERR591/002/ERR5918502/ERR5918502_2.fastq.gz
ERR5918506	PRJEB44842	ERX5559477	SAMEA8724478	Illumina HiSeq 2500 paired end sequencing	SC	204055950	2720746	6183	RNA-Seq	PolyA					ftp.sra.ebi.ac.uk/vol1/fastq/ERR591/006/ERR5918506/ERR5918506_1.fastq.gz;ftp.sra.ebi.ac.uk/vol1/fastq/ERR591/006/ERR5918506/ERR5918506_2.fastq.gz
ERR9679357	PRJEB52466	ERX9228603	SAMEA14299614	Illumina HiSeq 4000 paired end sequencing	SC	9315095512	150243476	6183	RNA-Seq	PolyA				Adult	ftp.sra.ebi.ac.uk/vol1/fastq/ERR967/007/ERR9679357/ERR9679357_1.fastq.gz;ftp.sra.ebi.ac.uk/vol1/fastq/ERR967/007/ERR9679357/ERR9679357_2.fastq.gz
ERR9679360	PRJEB52466	ERX9228606	SAMEA14299614	Illumina HiSeq 4000 paired end sequencing	SC	6393827376	103126248	6183	RNA-Seq	PolyA				Adult	ftp.sra.ebi.ac.uk/vol1/fastq/ERR967/000/ERR9679360/ERR9679360_1.fastq.gz;ftp.sra.ebi.ac.uk/vol1/fastq/ERR967/000/ERR9679360/ERR9679360_2.fastq.gz
ERR9679362	PRJEB52466	ERX9228608	SAMEA14299614	Illumina HiSeq 4000 paired end sequencing	SC	1801706732	29059786	6183	RNA-Seq	PolyA				Adult	ftp.sra.ebi.ac.uk/vol1/fastq/ERR967/002/ERR9679362/ERR9679362_1.fastq.gz;ftp.sra.ebi.ac.uk/vol1/fastq/ERR967/002/ERR9679362/ERR9679362_2.fastq.gz
ERR9679363	PRJEB52466	ERX9228609	SAMEA14299614	Illumina HiSeq 4000 paired end sequencing	SC	7319941712	118063576	6183	RNA-Seq	PolyA				Adult	ftp.sra.ebi.ac.uk/vol1/fastq/ERR967/003/ERR9679363/ERR9679363_1.fastq.gz;ftp.sra.ebi.ac.uk/vol1/fastq/ERR967/003/ERR9679363/ERR9679363_2.fastq.gz
ERR9679364	PRJEB52466	ERX9228610	SAMEA14299615	Illumina HiSeq 4000 paired end sequencing	SC	12343565244	199089762	6183	RNA-Seq	PolyA				adult	ftp.sra.ebi.ac.uk/vol1/fastq/ERR967/004/ERR9679364/ERR9679364_1.fastq.gz;ftp.sra.ebi.ac.uk/vol1/fastq/ERR967/004/ERR9679364/ERR9679364_2.fastq.gz
ERR9679374	PRJEB52467	ERX9228620	SAMEA14299620	Illumina HiSeq 4000 paired end sequencing	SC	11369551072	183379856	6183	RNA-Seq	PolyA					ftp.sra.ebi.ac.uk/vol1/fastq/ERR967/004/ERR9679374/ERR9679374_1.fastq.gz;ftp.sra.ebi.ac.uk/vol1/fastq/ERR967/004/ERR9679374/ERR9679374_2.fastq.gz
ERR9679376	PRJEB52467	ERX9228622	SAMEA14299619	Illumina HiSeq 4000 paired end sequencing	SC	10662116936	171969628	6183	RNA-Seq	PolyA					ftp.sra.ebi.ac.uk/vol1/fastq/ERR967/006/ERR9679376/ERR9679376_1.fastq.gz;ftp.sra.ebi.ac.uk/vol1/fastq/ERR967/006/ERR9679376/ERR9679376_2.fastq.gz
ERR9679378	PRJEB52467	ERX9228624	SAMEA14299619	Illumina HiSeq 4000 paired end sequencing	SC	10631701844	171479062	6183	RNA-Seq	PolyA					ftp.sra.ebi.ac.uk/vol1/fastq/ERR967/008/ERR9679378/ERR9679378_1.fastq.gz;ftp.sra.ebi.ac.uk/vol1/fastq/ERR967/008/ERR9679378/ERR9679378_2.fastq.gz
ERR9679382	PRJEB52467	ERX9228628	SAMEA14299618	Illumina HiSeq 4000 paired end sequencing	SC	7995921884	128966482	6183	RNA-Seq	PolyA					ftp.sra.ebi.ac.uk/vol1/fastq/ERR967/002/ERR9679382/ERR9679382_1.fastq.gz;ftp.sra.ebi.ac.uk/vol1/fastq/ERR967/002/ERR9679382/ERR9679382_2.fastq.gz
ERR9679383	PRJEB52467	ERX9228629	SAMEA14299618	Illumina HiSeq 4000 paired end sequencing	SC	14945672260	241059230	6183	RNA-Seq	PolyA					ftp.sra.ebi.ac.uk/vol1/fastq/ERR967/003/ERR9679383/ERR9679383_1.fastq.gz;ftp.sra.ebi.ac.uk/vol1/fastq/ERR967/003/ERR9679383/ERR9679383_2.fastq.gz
ERR1702908	PRJEB9836	ERX1773142	SAMEA3470723	Illumina HiSeq 2500 paired end sequencing	SC	390308200	3903082	6183	RNA-Seq	cDNA					ftp.sra.ebi.ac.uk/vol1/fastq/ERR170/008/ERR1702908/ERR1702908_1.fastq.gz;ftp.sra.ebi.ac.uk/vol1/fastq/ERR170/008/ERR1702908/ERR1702908_2.fastq.gz
ERR1702909	PRJEB9836	ERX1773143	SAMEA3470724	Illumina HiSeq 2500 paired end sequencing	SC	332449200	3324492	6183	RNA-Seq	cDNA					ftp.sra.ebi.ac.uk/vol1/fastq/ERR170/009/ERR1702909/ERR1702909_1.fastq.gz;ftp.sra.ebi.ac.uk/vol1/fastq/ERR170/009/ERR1702909/ERR1702909_2.fastq.gz
ERR1702910	PRJEB9836	ERX1773144	SAMEA3470725	Illumina HiSeq 2500 paired end sequencing	SC	327998600	3279986	6183	RNA-Seq	cDNA					ftp.sra.ebi.ac.uk/vol1/fastq/ERR170/000/ERR1702910/ERR1702910_1.fastq.gz;ftp.sra.ebi.ac.uk/vol1/fastq/ERR170/000/ERR1702910/ERR1702910_2.fastq.gz
ERR1702918	PRJEB9836	ERX1773152	SAMEA3470733	Illumina HiSeq 2500 paired end sequencing	SC	285455000	2854550	6183	RNA-Seq	cDNA					ftp.sra.ebi.ac.uk/vol1/fastq/ERR170/008/ERR1702918/ERR1702918_1.fastq.gz;ftp.sra.ebi.ac.uk/vol1/fastq/ERR170/008/ERR1702918/ERR1702918_2.fastq.gz
ERR1702920	PRJEB9836	ERX1773154	SAMEA3470735	Illumina HiSeq 2500 paired end sequencing	SC	232120200	2321202	6183	RNA-Seq	cDNA					ftp.sra.ebi.ac.uk/vol1/fastq/ERR170/000/ERR1702920/ERR1702920_1.fastq.gz;ftp.sra.ebi.ac.uk/vol1/fastq/ERR170/000/ERR1702920/ERR1702920_2.fastq.gz
SRR1020296	PRJNA225599	SRX370125	SAMN02388020	GSM1253770: HR3; Schistosoma mansoni; RNA-Seq;Illumina HiSeq 2000 sequencing; GSM1253770: HR3; Schistosoma mansoni; RNA-Seq	GEO	3341639400	16708197	6183	RNA-Seq	cDNA					ftp.sra.ebi.ac.uk/vol1/fastq/SRR102/006/SRR1020296/SRR1020296_1.fastq.gz;ftp.sra.ebi.ac.uk/vol1/fastq/SRR102/006/SRR1020296/SRR1020296_2.fastq.gz
SRR1020294	PRJNA225599	SRX370123	SAMN02388025	Illumina HiSeq 2000 sequencing; GSM1253768: HR1; Schistosoma mansoni; RNA-Seq;GSM1253768: HR1; Schistosoma mansoni; RNA-Seq	GEO	3770890600	18854453	6183	RNA-Seq	cDNA					ftp.sra.ebi.ac.uk/vol1/fastq/SRR102/004/SRR1020294/SRR1020294_1.fastq.gz;ftp.sra.ebi.ac.uk/vol1/fastq/SRR102/004/SRR1020294/SRR1020294_2.fastq.gz
SRR1020298	PRJNA225599	SRX370127	SAMN02388027	Illumina HiSeq 2000 sequencing; GSM1253772: LE2; Schistosoma mansoni; RNA-Seq;GSM1253772: LE2; Schistosoma mansoni; RNA-Seq	GEO	3789216000	18946080	6183	RNA-Seq	cDNA					ftp.sra.ebi.ac.uk/vol1/fastq/SRR102/008/SRR1020298/SRR1020298_1.fastq.gz;ftp.sra.ebi.ac.uk/vol1/fastq/SRR102/008/SRR1020298/SRR1020298_2.fastq.gz
SRR1020295	PRJNA225599	SRX370124	SAMN02388028	Illumina HiSeq 2000 sequencing; GSM1253769: HR2; Schistosoma mansoni; RNA-Seq;GSM1253769: HR2; Schistosoma mansoni; RNA-Seq	GEO	3648674000	18243370	6183	RNA-Seq	cDNA					ftp.sra.ebi.ac.uk/vol1/fastq/SRR102/005/SRR1020295/SRR1020295_1.fastq.gz;ftp.sra.ebi.ac.uk/vol1/fastq/SRR102/005/SRR1020295/SRR1020295_2.fastq.gz
SRR1020297	PRJNA225599	SRX370126	SAMN02388026	Illumina HiSeq 2000 sequencing; GSM1253771: LE1; Schistosoma mansoni; RNA-Seq;GSM1253771: LE1; Schistosoma mansoni; RNA-Seq	GEO	3848135000	19240675	6183	RNA-Seq	cDNA					ftp.sra.ebi.ac.uk/vol1/fastq/SRR102/007/SRR1020297/SRR1020297_1.fastq.gz;ftp.sra.ebi.ac.uk/vol1/fastq/SRR102/007/SRR1020297/SRR1020297_2.fastq.gz
SRR1346222	PRJNA247810	SRX575040	SAMN02841236	Illumina MiSeq paired end sequencing; Previously Fecund Females;Previously Fecund Females	WUGSC	423263100	1410877	6183	RNA-Seq	unspecified					ftp.sra.ebi.ac.uk/vol1/fastq/SRR134/002/SRR1346222/SRR1346222_1.fastq.gz;ftp.sra.ebi.ac.uk/vol1/fastq/SRR134/002/SRR1346222/SRR1346222_2.fastq.gz
SRR1346220	PRJNA247810	SRX575038	SAMN02841234	Illumina MiSeq paired end sequencing; Adult Virgin Females;Adult Virgin Females	WUGSC	459199500	1530665	6183	RNA-Seq	unspecified					ftp.sra.ebi.ac.uk/vol1/fastq/SRR134/000/SRR1346220/SRR1346220_1.fastq.gz;ftp.sra.ebi.ac.uk/vol1/fastq/SRR134/000/SRR1346220/SRR1346220_2.fastq.gz
SRR1346221	PRJNA247810	SRX575039	SAMN02841235	Illumina MiSeq paired end sequencing; Adult Fecund Females;Adult Fecund Females	WUGSC	485413200	1618044	6183	RNA-Seq	unspecified					ftp.sra.ebi.ac.uk/vol1/fastq/SRR134/001/SRR1346221/SRR1346221_1.fastq.gz;ftp.sra.ebi.ac.uk/vol1/fastq/SRR134/001/SRR1346221/SRR1346221_2.fastq.gz
SRR5054483	PRJNA354932	SRX2375427	SAMN06054295	Transcriptome of Schistosoma mansoni: schistosomula;Illumina HiSeq 2500 sequencing; Transcriptome of Schistosoma mansoni: schistosomula	SUB2126694	7493222128	37784648	6183	RNA-Seq	cDNA				Schistosomula	ftp.sra.ebi.ac.uk/vol1/fastq/SRR505/003/SRR5054483/SRR5054483_1.fastq.gz;ftp.sra.ebi.ac.uk/vol1/fastq/SRR505/003/SRR5054483/SRR5054483_2.fastq.gz
SRR5054485	PRJNA354932	SRX2375429	SAMN06054293	Transcriptome of Schistosoma mansoni: schistosomula;Illumina HiSeq 2500 sequencing; Transcriptome of Schistosoma mansoni: schistosomula	SUB2126694	6986315410	35273759	6183	RNA-Seq	cDNA				Schistosomula	ftp.sra.ebi.ac.uk/vol1/fastq/SRR505/005/SRR5054485/SRR5054485_1.fastq.gz;ftp.sra.ebi.ac.uk/vol1/fastq/SRR505/005/SRR5054485/SRR5054485_2.fastq.gz
SRR5054488	PRJNA354932	SRX2375432	SAMN06054292	Transcriptome of Schistosoma mansoni: schistosomula;Illumina HiSeq 2500 sequencing; Transcriptome of Schistosoma mansoni: schistosomula	SUB2126694	11611376798	58555610	6183	RNA-Seq	cDNA				Schistosomula	ftp.sra.ebi.ac.uk/vol1/fastq/SRR505/008/SRR5054488/SRR5054488_1.fastq.gz;ftp.sra.ebi.ac.uk/vol1/fastq/SRR505/008/SRR5054488/SRR5054488_2.fastq.gz
SRR5054492	PRJNA354932	SRX2375436	SAMN06054294	Transcriptome of Schistosoma mansoni: schistosomula;Illumina HiSeq 2500 sequencing; Transcriptome of Schistosoma mansoni: schistosomula	SUB2126694	6920327291	34941297	6183	RNA-Seq	cDNA				Schistosomula	ftp.sra.ebi.ac.uk/vol1/fastq/SRR505/002/SRR5054492/SRR5054492_1.fastq.gz;ftp.sra.ebi.ac.uk/vol1/fastq/SRR505/002/SRR5054492/SRR5054492_2.fastq.gz
SRR5054484	PRJNA354932	SRX2375428	SAMN06054301	Transcriptome of Schistosoma mansoni: schistosomula;Illumina HiSeq 2500 sequencing; Transcriptome of Schistosoma mansoni: schistosomula	SUB2126694	7079425074	35788115	6183	RNA-Seq	cDNA				Schistosomula	ftp.sra.ebi.ac.uk/vol1/fastq/SRR505/004/SRR5054484/SRR5054484_1.fastq.gz;ftp.sra.ebi.ac.uk/vol1/fastq/SRR505/004/SRR5054484/SRR5054484_2.fastq.gz
SRR11660029	PRJNA361136	SRX8220971	SAMN14781378	Illumina HiSeq 4000 sequencing; RNA-Seq of MC3935 control male replicate 2;RNA-Seq of MC3935 control male replicate 2	SUB7352043	7417149596	24560098	6183	RNA-Seq	PolyA	Mesocricetus auratus	Mesocricetus auratus		male	ftp.sra.ebi.ac.uk/vol1/fastq/SRR116/029/SRR11660029/SRR11660029_1.fastq.gz;ftp.sra.ebi.ac.uk/vol1/fastq/SRR116/029/SRR11660029/SRR11660029_2.fastq.gz
SRR11660032	PRJNA361136	SRX8220968	SAMN14781375	RNA-Seq of MC3935 control female replicate 1;Illumina HiSeq 2000 sequencing; RNA-Seq of MC3935 control female replicate 1	SUB7352043	7018875016	23241308	6183	RNA-Seq	PolyA	Mesocricetus auratus	Mesocricetus auratus		female	ftp.sra.ebi.ac.uk/vol1/fastq/SRR116/032/SRR11660032/SRR11660032_1.fastq.gz;ftp.sra.ebi.ac.uk/vol1/fastq/SRR116/032/SRR11660032/SRR11660032_2.fastq.gz
SRR11660038	PRJNA361136	SRX8220962	SAMN14781387	RNA-Seq of MC3935 control female replicate 4;Illumina HiSeq 4000 sequencing; RNA-Seq of MC3935 control female replicate 4	SUB7352043	7572749962	25075331	6183	RNA-Seq	PolyA	Mesocricetus auratus	Mesocricetus auratus		female	ftp.sra.ebi.ac.uk/vol1/fastq/SRR116/038/SRR11660038/SRR11660038_1.fastq.gz;ftp.sra.ebi.ac.uk/vol1/fastq/SRR116/038/SRR11660038/SRR11660038_2.fastq.gz
SRR11660039	PRJNA361136	SRX8220961	SAMN14781386	Illumina HiSeq 4000 sequencing; RNA-Seq of MC3935 control male replicate 4;RNA-Seq of MC3935 control male replicate 4	SUB7352043	7560270114	25034007	6183	RNA-Seq	PolyA	Mesocricetus auratus	Mesocricetus auratus		male	ftp.sra.ebi.ac.uk/vol1/fastq/SRR116/039/SRR11660039/SRR11660039_1.fastq.gz;ftp.sra.ebi.ac.uk/vol1/fastq/SRR116/039/SRR11660039/SRR11660039_2.fastq.gz
SRR5170157	PRJNA361136	SRX2486610	SAMN06221565	RNA-seq of Schistosoma mansoni; GSK343 adult female at 20uM replicate 3;Illumina HiSeq 2500 sequencing; RNA-seq of Schistosoma mansoni; GSK343 adult female at 20uM replicate 3	SUB2311646	5583945024	22158512	6183	RNA-Seq	cDNA	Homo sapiens	Homo sapiens			ftp.sra.ebi.ac.uk/vol1/fastq/SRR517/007/SRR5170157/SRR5170157_1.fastq.gz;ftp.sra.ebi.ac.uk/vol1/fastq/SRR517/007/SRR5170157/SRR5170157_2.fastq.gz
SRR5314131	PRJNA378178	SRX2613834	SAMN06480786	Schistosoma mansoni f-GH2xm-BRE F1 Female Adults RNA-seq replicate 1;Illumina HiSeq 2500 sequencing; Schistosoma mansoni f-GH2xm-BRE F1 Female Adults RNA-seq replicate 1	SUB2458916	9707522500	77660180	6183	RNA-Seq	cDNA	mouse	mouse		adult	ftp.sra.ebi.ac.uk/vol1/fastq/SRR531/001/SRR5314131/SRR5314131.fastq.gz
SRR5314132	PRJNA378178	SRX2613835	SAMN06480785	Schistosoma mansoni f-BRExm-GH2 F1-Mirror Male Adults RNA-seq replicate 2;Illumina HiSeq 2500 sequencing; Schistosoma mansoni f-BRExm-GH2 F1-Mirror Male Adults RNA-seq replicate 2	SUB2458916	11090614375	88724915	6183	RNA-Seq	cDNA	mouse	mouse		adult	ftp.sra.ebi.ac.uk/vol1/fastq/SRR531/002/SRR5314132/SRR5314132.fastq.gz
SRR5314135	PRJNA378178	SRX2613838	SAMN06480782	Schistosoma mansoni f-GH2xm-BRE F1 Male Adults RNA-seq replicate 1;Illumina HiSeq 2500 sequencing; Schistosoma mansoni f-GH2xm-BRE F1 Male Adults RNA-seq replicate 1	SUB2458916	9480953625	75847629	6183	RNA-Seq	cDNA	mouse	mouse		adult	ftp.sra.ebi.ac.uk/vol1/fastq/SRR531/005/SRR5314135/SRR5314135.fastq.gz
SRR5314129	PRJNA378178	SRX2613832	SAMN06480788	Illumina HiSeq 2500 sequencing; Schistosoma mansoni f-BRExm-GH2 F1-Mirror Female Adults RNA-seq replicate 1;Schistosoma mansoni f-BRExm-GH2 F1-Mirror Female Adults RNA-seq replicate 1	SUB2458916	10600270375	84802163	6183	RNA-Seq	cDNA	mouse	mouse		adult	ftp.sra.ebi.ac.uk/vol1/fastq/SRR531/009/SRR5314129/SRR5314129.fastq.gz
SRR5314130	PRJNA378178	SRX2613833	SAMN06480787	Schistosoma mansoni f-GH2xm-BRE F1 Female Adults RNA-seq replicate 2;Illumina HiSeq 2500 sequencing; Schistosoma mansoni f-GH2xm-BRE F1 Female Adults RNA-seq replicate 2	SUB2458916	11096497000	88771976	6183	RNA-Seq	cDNA	mouse	mouse		adult	ftp.sra.ebi.ac.uk/vol1/fastq/SRR531/000/SRR5314130/SRR5314130.fastq.gz
SRR5664533	PRJNA389649	SRX2900165	SAMN07204411	Illumina HiSeq 2000 sequencing; Adult_Exposed_Female_2;Adult_Exposed_Female_2		5333673200	26668366	6183	RNA-Seq	RT-PCR	Mus musculus	Mus musculus		adult	ftp.sra.ebi.ac.uk/vol1/fastq/SRR566/003/SRR5664533/SRR5664533_1.fastq.gz;ftp.sra.ebi.ac.uk/vol1/fastq/SRR566/003/SRR5664533/SRR5664533_2.fastq.gz
SRR5664529	PRJNA389649	SRX2900169	SAMN07204406	Adult_Exposed_Male_1;Illumina HiSeq 2000 sequencing; Adult_Exposed_Male_1		4066715400	20333577	6183	RNA-Seq	RT-PCR	Mus musculus	Mus musculus		adult	ftp.sra.ebi.ac.uk/vol1/fastq/SRR566/009/SRR5664529/SRR5664529_1.fastq.gz;ftp.sra.ebi.ac.uk/vol1/fastq/SRR566/009/SRR5664529/SRR5664529_2.fastq.gz
SRR5664530	PRJNA389649	SRX2900168	SAMN07204403	Illumina HiSeq 2000 sequencing; Adult_Control_Female_1;Adult_Control_Female_1		5775313000	28876565	6183	RNA-Seq	RT-PCR	Mus musculus	Mus musculus		adult	ftp.sra.ebi.ac.uk/vol1/fastq/SRR566/000/SRR5664530/SRR5664530_1.fastq.gz;ftp.sra.ebi.ac.uk/vol1/fastq/SRR566/000/SRR5664530/SRR5664530_2.fastq.gz
SRR5664531	PRJNA389649	SRX2900167	SAMN07204401	Adult_Control_Male_2;Illumina HiSeq 2000 sequencing; Adult_Control_Male_2		35914698600	179573493	6183	RNA-Seq	RT-PCR	Mus musculus	Mus musculus		adult	ftp.sra.ebi.ac.uk/vol1/fastq/SRR566/001/SRR5664531/SRR5664531_1.fastq.gz;ftp.sra.ebi.ac.uk/vol1/fastq/SRR566/001/SRR5664531/SRR5664531_2.fastq.gz
SRR5664532	PRJNA389649	SRX2900166	SAMN07204400	Adult_Control_Male_1;Illumina HiSeq 2000 sequencing; Adult_Control_Male_1		4352369400	21761847	6183	RNA-Seq	RT-PCR	Mus musculus	Mus musculus		adult	ftp.sra.ebi.ac.uk/vol1/fastq/SRR566/002/SRR5664532/SRR5664532_1.fastq.gz;ftp.sra.ebi.ac.uk/vol1/fastq/SRR566/002/SRR5664532/SRR5664532_2.fastq.gz
SRR6490481	PRJNA428470	SRX3580333	SAMN08291590	females Control3;Illumina HiSeq 2500 sequencing; females Control3	SUB3446251	8472719108	41944154	6183	RNA-Seq	cDNA	Mus musculus	Mus musculus		adult	ftp.sra.ebi.ac.uk/vol1/fastq/SRR649/001/SRR6490481/SRR6490481_1.fastq.gz;ftp.sra.ebi.ac.uk/vol1/fastq/SRR649/001/SRR6490481/SRR6490481_2.fastq.gz
SRR6490482	PRJNA428470	SRX3580332	SAMN08291559	females Control2;Illumina HiSeq 2500 sequencing; females Control2	SUB3446251	9332825210	46202105	6183	RNA-Seq	cDNA	Mus musculus	Mus musculus		adult	ftp.sra.ebi.ac.uk/vol1/fastq/SRR649/002/SRR6490482/SRR6490482_1.fastq.gz;ftp.sra.ebi.ac.uk/vol1/fastq/SRR649/002/SRR6490482/SRR6490482_2.fastq.gz
SRR6490483	PRJNA428470	SRX3580331	SAMN08291589	females Control1;Illumina HiSeq 2500 sequencing; females Control1	SUB3446251	9640702298	47726249	6183	RNA-Seq	cDNA	Mus musculus	Mus musculus		adult	ftp.sra.ebi.ac.uk/vol1/fastq/SRR649/003/SRR6490483/SRR6490483_1.fastq.gz;ftp.sra.ebi.ac.uk/vol1/fastq/SRR649/003/SRR6490483/SRR6490483_2.fastq.gz
SRR6490485	PRJNA428470	SRX3580329	SAMN08291485	females 5-AzaC2;Illumina HiSeq 2500 sequencing; females 5-AzaC2	SUB3446251	10526157178	52109689	6183	RNA-Seq	cDNA	Mus musculus	Mus musculus		adult	ftp.sra.ebi.ac.uk/vol1/fastq/SRR649/005/SRR6490485/SRR6490485_1.fastq.gz;ftp.sra.ebi.ac.uk/vol1/fastq/SRR649/005/SRR6490485/SRR6490485_2.fastq.gz
SRR6490480	PRJNA428470	SRX3580334	SAMN08291406	females 5-AzaC1;Illumina HiSeq 2500 sequencing; females 5-AzaC1	SUB3446251	7429126508	36777854	6183	RNA-Seq	cDNA	Mus musculus	Mus musculus		adult	ftp.sra.ebi.ac.uk/vol1/fastq/SRR649/000/SRR6490480/SRR6490480_1.fastq.gz;ftp.sra.ebi.ac.uk/vol1/fastq/SRR649/000/SRR6490480/SRR6490480_2.fastq.gz
SRR7170025	PRJNA471635	SRX4087955	SAMN09213046	GSM3143206: S4; Schistosoma mansoni; RNA-Seq;NextSeq 500 sequencing; GSM3143206: S4; Schistosoma mansoni; RNA-Seq	GEO	5803187901	38466340	6183	RNA-Seq	cDNA					ftp.sra.ebi.ac.uk/vol1/fastq/SRR717/005/SRR7170025/SRR7170025_1.fastq.gz;ftp.sra.ebi.ac.uk/vol1/fastq/SRR717/005/SRR7170025/SRR7170025_2.fastq.gz
SRR7170022	PRJNA471635	SRX4087952	SAMN09213053	NextSeq 500 sequencing; GSM3143203: S1; Schistosoma mansoni; RNA-Seq;GSM3143203: S1; Schistosoma mansoni; RNA-Seq	GEO	6706696375	44441980	6183	RNA-Seq	cDNA					ftp.sra.ebi.ac.uk/vol1/fastq/SRR717/002/SRR7170022/SRR7170022_1.fastq.gz;ftp.sra.ebi.ac.uk/vol1/fastq/SRR717/002/SRR7170022/SRR7170022_2.fastq.gz
SRR7170019	PRJNA471635	SRX4087949	SAMN09213044	GSM3143200: V2; Schistosoma mansoni; RNA-Seq;NextSeq 500 sequencing; GSM3143200: V2; Schistosoma mansoni; RNA-Seq	GEO	4620133191	30637990	6183	RNA-Seq	cDNA					ftp.sra.ebi.ac.uk/vol1/fastq/SRR717/009/SRR7170019/SRR7170019_1.fastq.gz;ftp.sra.ebi.ac.uk/vol1/fastq/SRR717/009/SRR7170019/SRR7170019_2.fastq.gz
SRR7170024	PRJNA471635	SRX4087954	SAMN09213051	GSM3143205: S3; Schistosoma mansoni; RNA-Seq;NextSeq 500 sequencing; GSM3143205: S3; Schistosoma mansoni; RNA-Seq	GEO	6803787506	45114001	6183	RNA-Seq	cDNA					ftp.sra.ebi.ac.uk/vol1/fastq/SRR717/004/SRR7170024/SRR7170024_1.fastq.gz;ftp.sra.ebi.ac.uk/vol1/fastq/SRR717/004/SRR7170024/SRR7170024_2.fastq.gz
SRR7170026	PRJNA471635	SRX4087956	SAMN09213047	GSM3143207: R1; Schistosoma mansoni; RNA-Seq;NextSeq 500 sequencing; GSM3143207: R1; Schistosoma mansoni; RNA-Seq	GEO	6664243525	44144467	6183	RNA-Seq	cDNA					ftp.sra.ebi.ac.uk/vol1/fastq/SRR717/006/SRR7170026/SRR7170026_1.fastq.gz;ftp.sra.ebi.ac.uk/vol1/fastq/SRR717/006/SRR7170026/SRR7170026_2.fastq.gz
SRR7465836	PRJNA479336	SRX4335992	SAMN09535759	scRNAseq of Schistosoma mansoni stem cells;NextSeq 500 sequencing; scRNAseq of Schistosoma mansoni stem cells	SUB4238641	215996100	1455600	6183	RNA-Seq	RT-PCR	Mus musculus	Mus musculus			ftp.sra.ebi.ac.uk/vol1/fastq/SRR746/006/SRR7465836/SRR7465836.fastq.gz;ftp.sra.ebi.ac.uk/vol1/fastq/SRR746/006/SRR7465836/SRR7465836_1.fastq.gz;ftp.sra.ebi.ac.uk/vol1/fastq/SRR746/006/SRR7465836/SRR7465836_2.fastq.gz
SRR7465840	PRJNA479336	SRX4335988	SAMN09535763	scRNAseq of Schistosoma mansoni stem cells;NextSeq 500 sequencing; scRNAseq of Schistosoma mansoni stem cells	SUB4238641	183587250	1236083	6183	RNA-Seq	RT-PCR	Mus musculus	Mus musculus			ftp.sra.ebi.ac.uk/vol1/fastq/SRR746/000/SRR7465840/SRR7465840.fastq.gz;ftp.sra.ebi.ac.uk/vol1/fastq/SRR746/000/SRR7465840/SRR7465840_1.fastq.gz;ftp.sra.ebi.ac.uk/vol1/fastq/SRR746/000/SRR7465840/SRR7465840_2.fastq.gz
SRR7465847	PRJNA479336	SRX4335981	SAMN09535801	scRNAseq of Schistosoma mansoni stem cells;NextSeq 500 sequencing; scRNAseq of Schistosoma mansoni stem cells	SUB4238641	202986300	1365798	6183	RNA-Seq	RT-PCR	Mus musculus	Mus musculus			ftp.sra.ebi.ac.uk/vol1/fastq/SRR746/007/SRR7465847/SRR7465847.fastq.gz;ftp.sra.ebi.ac.uk/vol1/fastq/SRR746/007/SRR7465847/SRR7465847_1.fastq.gz;ftp.sra.ebi.ac.uk/vol1/fastq/SRR746/007/SRR7465847/SRR7465847_2.fastq.gz
SRR7465868	PRJNA479336	SRX4335960	SAMN09535658	scRNAseq of Schistosoma mansoni stem cells;NextSeq 500 sequencing; scRNAseq of Schistosoma mansoni stem cells	SUB4238641	238492725	1603349	6183	RNA-Seq	RT-PCR	Mus musculus	Mus musculus			ftp.sra.ebi.ac.uk/vol1/fastq/SRR746/008/SRR7465868/SRR7465868.fastq.gz;ftp.sra.ebi.ac.uk/vol1/fastq/SRR746/008/SRR7465868/SRR7465868_1.fastq.gz;ftp.sra.ebi.ac.uk/vol1/fastq/SRR746/008/SRR7465868/SRR7465868_2.fastq.gz
SRR7465882	PRJNA479336	SRX4335946	SAMN09535844	scRNAseq of Schistosoma mansoni stem cells;NextSeq 500 sequencing; scRNAseq of Schistosoma mansoni stem cells	SUB4238641	164327325	1106245	6183	RNA-Seq	RT-PCR	Mus musculus	Mus musculus			ftp.sra.ebi.ac.uk/vol1/fastq/SRR746/002/SRR7465882/SRR7465882.fastq.gz;ftp.sra.ebi.ac.uk/vol1/fastq/SRR746/002/SRR7465882/SRR7465882_1.fastq.gz;ftp.sra.ebi.ac.uk/vol1/fastq/SRR746/002/SRR7465882/SRR7465882_2.fastq.gz
SRR7890240	PRJNA492452	SRX4727820	SAMN10102394	RNASeq of schistosomula exposed to Smp38 dsRNA;Illumina HiSeq 2500 sequencing; RNASeq of schistosomula exposed to Smp38 dsRNA	SUB4542327	17052954400	85264772	6183	RNA-Seq	cDNA				schistosomula	ftp.sra.ebi.ac.uk/vol1/fastq/SRR789/000/SRR7890240/SRR7890240_1.fastq.gz;ftp.sra.ebi.ac.uk/vol1/fastq/SRR789/000/SRR7890240/SRR7890240_2.fastq.gz
SRR7890241	PRJNA492452	SRX4727819	SAMN10102392	RNASeq of schistosomula exposed to Smp38 dsRNA;Illumina HiSeq 2500 sequencing; RNASeq of schistosomula exposed to Smp38 dsRNA	SUB4542327	6982971862	35140673	6183	RNA-Seq	cDNA				schistosomula	ftp.sra.ebi.ac.uk/vol1/fastq/SRR789/001/SRR7890241/SRR7890241_1.fastq.gz;ftp.sra.ebi.ac.uk/vol1/fastq/SRR789/001/SRR7890241/SRR7890241_2.fastq.gz
SRR7890242	PRJNA492452	SRX4727818	SAMN10102401	RNASeq of schistosomula exposed to SmJNK dsRNA;Illumina HiSeq 2500 sequencing; RNASeq of schistosomula exposed to SmJNK dsRNA	SUB4542327	4771274200	23856371	6183	RNA-Seq	cDNA				schistosomula	ftp.sra.ebi.ac.uk/vol1/fastq/SRR789/002/SRR7890242/SRR7890242_1.fastq.gz;ftp.sra.ebi.ac.uk/vol1/fastq/SRR789/002/SRR7890242/SRR7890242_2.fastq.gz
SRR7890243	PRJNA492452	SRX4727817	SAMN10102393	RNASeq of schistosomula exposed to SmJNK dsRNA;Illumina HiSeq 2500 sequencing; RNASeq of schistosomula exposed to SmJNK dsRNA	SUB4542327	5802773800	29013869	6183	RNA-Seq	cDNA				schistosomula	ftp.sra.ebi.ac.uk/vol1/fastq/SRR789/003/SRR7890243/SRR7890243_1.fastq.gz;ftp.sra.ebi.ac.uk/vol1/fastq/SRR789/003/SRR7890243/SRR7890243_2.fastq.gz
SRR7945642	PRJNA494090	SRX4779740	SAMN10148266	GSM3408187: P6_control4; Schistosoma mansoni; RNA-Seq;NextSeq 500 sequencing; GSM3408187: P6_control4; Schistosoma mansoni; RNA-Seq	GEO	10045086683	35333253	6183	RNA-Seq	cDNA					ftp.sra.ebi.ac.uk/vol1/fastq/SRR794/002/SRR7945642/SRR7945642_1.fastq.gz;ftp.sra.ebi.ac.uk/vol1/fastq/SRR794/002/SRR7945642/SRR7945642_2.fastq.gz
SRR7945649	PRJNA494090	SRX4779747	SAMN10148259	NextSeq 500 sequencing; GSM3408194: P7_control3; Schistosoma mansoni; RNA-Seq;GSM3408194: P7_control3; Schistosoma mansoni; RNA-Seq	GEO	10037306273	34590057	6183	RNA-Seq	cDNA					ftp.sra.ebi.ac.uk/vol1/fastq/SRR794/009/SRR7945649/SRR7945649_1.fastq.gz;ftp.sra.ebi.ac.uk/vol1/fastq/SRR794/009/SRR7945649/SRR7945649_2.fastq.gz
SRR7945650	PRJNA494090	SRX4779748	SAMN10148258	NextSeq 500 sequencing; GSM3408195: P7_control4; Schistosoma mansoni; RNA-Seq;GSM3408195: P7_control4; Schistosoma mansoni; RNA-Seq	GEO	8864674384	30596822	6183	RNA-Seq	cDNA					ftp.sra.ebi.ac.uk/vol1/fastq/SRR794/000/SRR7945650/SRR7945650_1.fastq.gz;ftp.sra.ebi.ac.uk/vol1/fastq/SRR794/000/SRR7945650/SRR7945650_2.fastq.gz
SRR7945658	PRJNA494090	SRX4779756	SAMN10148278	NextSeq 500 sequencing; GSM3408203: P8_control4; Schistosoma mansoni; RNA-Seq;GSM3408203: P8_control4; Schistosoma mansoni; RNA-Seq	GEO	5271325725	18368383	6183	RNA-Seq	cDNA					ftp.sra.ebi.ac.uk/vol1/fastq/SRR794/008/SRR7945658/SRR7945658_1.fastq.gz;ftp.sra.ebi.ac.uk/vol1/fastq/SRR794/008/SRR7945658/SRR7945658_2.fastq.gz
SRR7945659	PRJNA494090	SRX4779757	SAMN10148277	NextSeq 500 sequencing; GSM3408204: P8_PZQ-selected1; Schistosoma mansoni; RNA-Seq;GSM3408204: P8_PZQ-selected1; Schistosoma mansoni; RNA-Seq	GEO	6780747598	23701819	6183	RNA-Seq	cDNA					ftp.sra.ebi.ac.uk/vol1/fastq/SRR794/009/SRR7945659/SRR7945659_1.fastq.gz;ftp.sra.ebi.ac.uk/vol1/fastq/SRR794/009/SRR7945659/SRR7945659_2.fastq.gz
SRR9603276	PRJNA551487	SRX6368363	SAMN12151600	RNA-Seq of control adult S. mansoni;Illumina HiSeq 2500 sequencing; RNA-Seq of control adult S. mansoni	SUB5881547	1681109124	16481462	6183	RNA-Seq	RT-PCR				Sexually mature adult	ftp.sra.ebi.ac.uk/vol1/fastq/SRR960/006/SRR9603276/SRR9603276_1.fastq.gz;ftp.sra.ebi.ac.uk/vol1/fastq/SRR960/006/SRR9603276/SRR9603276_2.fastq.gz
SRR9603279	PRJNA551487	SRX6368360	SAMN12151603	RNA-Seq of control adult S. mansoni;Illumina HiSeq 2500 sequencing; RNA-Seq of control adult S. mansoni	SUB5881547	2002977060	19637030	6183	RNA-Seq	RT-PCR				Sexually mature adult	ftp.sra.ebi.ac.uk/vol1/fastq/SRR960/009/SRR9603279/SRR9603279_1.fastq.gz;ftp.sra.ebi.ac.uk/vol1/fastq/SRR960/009/SRR9603279/SRR9603279_2.fastq.gz
SRR9603282	PRJNA551487	SRX6368357	SAMN12151608	Illumina HiSeq 2500 sequencing; RNA-Seq of FPL-64176 treated S. mansoni;RNA-Seq of FPL-64176 treated S. mansoni	SUB5881547	1954758906	19164303	6183	RNA-Seq	RT-PCR				Sexually mature adult	ftp.sra.ebi.ac.uk/vol1/fastq/SRR960/002/SRR9603282/SRR9603282_1.fastq.gz;ftp.sra.ebi.ac.uk/vol1/fastq/SRR960/002/SRR9603282/SRR9603282_2.fastq.gz
SRR9603277	PRJNA551487	SRX6368362	SAMN12151605	Illumina HiSeq 2500 sequencing; RNA-Seq of FPL-64176 treated S. mansoni;RNA-Seq of FPL-64176 treated S. mansoni	SUB5881547	1491024474	14617887	6183	RNA-Seq	RT-PCR				Sexually mature adult	ftp.sra.ebi.ac.uk/vol1/fastq/SRR960/007/SRR9603277/SRR9603277_1.fastq.gz;ftp.sra.ebi.ac.uk/vol1/fastq/SRR960/007/SRR9603277/SRR9603277_2.fastq.gz
SRR9603278	PRJNA551487	SRX6368361	SAMN12151606	Illumina HiSeq 2500 sequencing; RNA-Seq of FPL-64176 treated S. mansoni;RNA-Seq of FPL-64176 treated S. mansoni	SUB5881547	1761857832	17273116	6183	RNA-Seq	RT-PCR				Sexually mature adult	ftp.sra.ebi.ac.uk/vol1/fastq/SRR960/008/SRR9603278/SRR9603278_1.fastq.gz;ftp.sra.ebi.ac.uk/vol1/fastq/SRR960/008/SRR9603278/SRR9603278_2.fastq.gz
SRR10776755	PRJNA597909	SRX7450690	SAMN13691169	RNA-Seq of PZQ treated immature S. mansoni;Illumina HiSeq 2500 sequencing; RNA-Seq of PZQ treated immature S. mansoni	SUB6736837	2065566606	20250653	6183	RNA-Seq	RT-PCR				sexually immature	ftp.sra.ebi.ac.uk/vol1/fastq/SRR107/055/SRR10776755/SRR10776755_1.fastq.gz;ftp.sra.ebi.ac.uk/vol1/fastq/SRR107/055/SRR10776755/SRR10776755_2.fastq.gz
SRR10776768	PRJNA597909	SRX7450677	SAMN13691174	RNA-Seq of control mature S. mansoni;Illumina HiSeq 2500 sequencing; RNA-Seq of control mature S. mansoni	SUB6736837	2383524780	23367890	6183	RNA-Seq	RT-PCR				sexually mature	ftp.sra.ebi.ac.uk/vol1/fastq/SRR107/068/SRR10776768/SRR10776768_1.fastq.gz;ftp.sra.ebi.ac.uk/vol1/fastq/SRR107/068/SRR10776768/SRR10776768_2.fastq.gz
SRR10776772	PRJNA597909	SRX7450673	SAMN13691162	RNA-Seq of control immature S. mansoni;Illumina HiSeq 2500 sequencing; RNA-Seq of control immature S. mansoni	SUB6736837	2039065170	19990835	6183	RNA-Seq	RT-PCR				sexually immature	ftp.sra.ebi.ac.uk/vol1/fastq/SRR107/072/SRR10776772/SRR10776772_1.fastq.gz;ftp.sra.ebi.ac.uk/vol1/fastq/SRR107/072/SRR10776772/SRR10776772_2.fastq.gz
SRR10776758	PRJNA597909	SRX7450687	SAMN13691166	RNA-Seq of PZQ treated immature S. mansoni;Illumina HiSeq 2500 sequencing; RNA-Seq of PZQ treated immature S. mansoni	SUB6736837	2121968526	20803613	6183	RNA-Seq	RT-PCR				sexually immature	ftp.sra.ebi.ac.uk/vol1/fastq/SRR107/058/SRR10776758/SRR10776758_1.fastq.gz;ftp.sra.ebi.ac.uk/vol1/fastq/SRR107/058/SRR10776758/SRR10776758_2.fastq.gz
SRR10776759	PRJNA597909	SRX7450686	SAMN13691165	RNA-Seq of control immature S. mansoni;Illumina HiSeq 2500 sequencing; RNA-Seq of control immature S. mansoni	SUB6736837	2224547784	21809292	6183	RNA-Seq	RT-PCR				sexually immature	ftp.sra.ebi.ac.uk/vol1/fastq/SRR107/059/SRR10776759/SRR10776759_1.fastq.gz;ftp.sra.ebi.ac.uk/vol1/fastq/SRR107/059/SRR10776759/SRR10776759_2.fastq.gz
SRR11248245	PRJNA602007	SRX7858652	SAMN13880207	Illumina HiSeq 2500 sequencing; RNA Seq of Sm Male/Female Mixed Adult Worms;RNA Seq of Sm Male/Female Mixed Adult Worms	SUB7063595	30636322122	151664961	6183	RNA-Seq	RANDOM	Homo sapiens	Homo sapiens			ftp.sra.ebi.ac.uk/vol1/fastq/SRR112/045/SRR11248245/SRR11248245_1.fastq.gz;ftp.sra.ebi.ac.uk/vol1/fastq/SRR112/045/SRR11248245/SRR11248245_2.fastq.gz
SRR11248246	PRJNA602007	SRX7858651	SAMN13880205	Illumina HiSeq 2500 sequencing; RNA Seq of Sm Adult Male;RNA Seq of Sm Adult Male	SUB7063595	34868985884	172618742	6183	RNA-Seq	RANDOM	Homo sapiens	Homo sapiens			ftp.sra.ebi.ac.uk/vol1/fastq/SRR112/046/SRR11248246/SRR11248246_1.fastq.gz;ftp.sra.ebi.ac.uk/vol1/fastq/SRR112/046/SRR11248246/SRR11248246_2.fastq.gz
SRR11248243	PRJNA602007	SRX7858654	SAMN13880198	RNA Seq of 5-wk old Sporocysts;Illumina HiSeq 2500 sequencing; RNA Seq of 5-wk old Sporocysts	SUB7063595	28975068668	143440934	6183	RNA-Seq	RANDOM	Biomphalaria glabrata	Biomphalaria glabrata			ftp.sra.ebi.ac.uk/vol1/fastq/SRR112/043/SRR11248243/SRR11248243_1.fastq.gz;ftp.sra.ebi.ac.uk/vol1/fastq/SRR112/043/SRR11248243/SRR11248243_2.fastq.gz
SRR10947816	PRJNA602528	SRX7614902	SAMN13898163	RNA-Seq of S. mansoni following a time course of in vivo PZQ exposure;Illumina HiSeq 2500 sequencing; RNA-Seq of S. mansoni following a time course of in vivo PZQ exposure	SUB6864117	2519977626	24705663	6183	RNA-Seq	RT-PCR				sexually mature	ftp.sra.ebi.ac.uk/vol1/fastq/SRR109/016/SRR10947816/SRR10947816_1.fastq.gz;ftp.sra.ebi.ac.uk/vol1/fastq/SRR109/016/SRR10947816/SRR10947816_2.fastq.gz
SRR10947817	PRJNA602528	SRX7614901	SAMN13898162	RNA-Seq of S. mansoni following a time course of in vivo PZQ exposure;Illumina HiSeq 2500 sequencing; RNA-Seq of S. mansoni following a time course of in vivo PZQ exposure	SUB6864117	2275802274	22311787	6183	RNA-Seq	RT-PCR				sexually mature	ftp.sra.ebi.ac.uk/vol1/fastq/SRR109/017/SRR10947817/SRR10947817_1.fastq.gz;ftp.sra.ebi.ac.uk/vol1/fastq/SRR109/017/SRR10947817/SRR10947817_2.fastq.gz
SRR10947823	PRJNA602528	SRX7614895	SAMN13898156	RNA-Seq of S. mansoni following a time course of in vivo PZQ exposure;Illumina HiSeq 2500 sequencing; RNA-Seq of S. mansoni following a time course of in vivo PZQ exposure	SUB6864117	2570341146	25199423	6183	RNA-Seq	RT-PCR				sexually mature	ftp.sra.ebi.ac.uk/vol1/fastq/SRR109/023/SRR10947823/SRR10947823_1.fastq.gz;ftp.sra.ebi.ac.uk/vol1/fastq/SRR109/023/SRR10947823/SRR10947823_2.fastq.gz
SRR10947824	PRJNA602528	SRX7614894	SAMN13898155	RNA-Seq of S. mansoni following a time course of in vivo PZQ exposure;Illumina HiSeq 2500 sequencing; RNA-Seq of S. mansoni following a time course of in vivo PZQ exposure	SUB6864117	2538975228	24891914	6183	RNA-Seq	RT-PCR				sexually mature	ftp.sra.ebi.ac.uk/vol1/fastq/SRR109/024/SRR10947824/SRR10947824_1.fastq.gz;ftp.sra.ebi.ac.uk/vol1/fastq/SRR109/024/SRR10947824/SRR10947824_2.fastq.gz
SRR10947815	PRJNA602528	SRX7614903	SAMN13898164	RNA-Seq of S. mansoni following a time course of in vivo PZQ exposure;Illumina HiSeq 2500 sequencing; RNA-Seq of S. mansoni following a time course of in vivo PZQ exposure	SUB6864117	2560298634	25100967	6183	RNA-Seq	RT-PCR				sexually mature	ftp.sra.ebi.ac.uk/vol1/fastq/SRR109/015/SRR10947815/SRR10947815_1.fastq.gz;ftp.sra.ebi.ac.uk/vol1/fastq/SRR109/015/SRR10947815/SRR10947815_2.fastq.gz
SRR11281988	PRJNA611783	SRX7888065	SAMN14347851	GSM4405004: Female 1; Schistosoma mansoni; RNA-Seq;NextSeq 500 sequencing; GSM4405004: Female 1; Schistosoma mansoni; RNA-Seq	GEO	7078193270	122037815	6183	RNA-Seq	cDNA				adult sexually mature female	ftp.sra.ebi.ac.uk/vol1/fastq/SRR112/088/SRR11281988/SRR11281988.fastq.gz
SRR11281989	PRJNA611783	SRX7888065	SAMN14347851	GSM4405004: Female 1; Schistosoma mansoni; RNA-Seq;NextSeq 500 sequencing; GSM4405004: Female 1; Schistosoma mansoni; RNA-Seq	GEO	7091205976	122262172	6183	RNA-Seq	cDNA				adult sexually mature female	ftp.sra.ebi.ac.uk/vol1/fastq/SRR112/089/SRR11281989/SRR11281989.fastq.gz
SRR11281991	PRJNA611783	SRX7888065	SAMN14347851	GSM4405004: Female 1; Schistosoma mansoni; RNA-Seq;NextSeq 500 sequencing; GSM4405004: Female 1; Schistosoma mansoni; RNA-Seq	GEO	6738971338	116189161	6183	RNA-Seq	cDNA				adult sexually mature female	ftp.sra.ebi.ac.uk/vol1/fastq/SRR112/091/SRR11281991/SRR11281991.fastq.gz
SRR11281992	PRJNA611783	SRX7888066	SAMN14347850	GSM4405005: Female 2; Schistosoma mansoni; RNA-Seq;NextSeq 500 sequencing; GSM4405005: Female 2; Schistosoma mansoni; RNA-Seq	GEO	7230477606	124663407	6183	RNA-Seq	cDNA				adult sexually mature female	ftp.sra.ebi.ac.uk/vol1/fastq/SRR112/092/SRR11281992/SRR11281992.fastq.gz
SRR11281994	PRJNA611783	SRX7888066	SAMN14347850	GSM4405005: Female 2; Schistosoma mansoni; RNA-Seq;NextSeq 500 sequencing; GSM4405005: Female 2; Schistosoma mansoni; RNA-Seq	GEO	7113356698	122644081	6183	RNA-Seq	cDNA				adult sexually mature female	ftp.sra.ebi.ac.uk/vol1/fastq/SRR112/094/SRR11281994/SRR11281994.fastq.gz
SRR11368584	PRJNA613999	SRX7967351	SAMN14423277	Illumina NovaSeq 6000 sequencing; GSM4426636: Plate 1009901006; Schistosoma mansoni; RNA-Seq;GSM4426636: Plate 1009901006; Schistosoma mansoni; RNA-Seq	GEO	211944800	1059724	6183	RNA-Seq	cDNA	Swiss Webster female mice (NR-21963)	Swiss Webster female mice (NR-21963)			ftp.sra.ebi.ac.uk/vol1/fastq/SRR113/084/SRR11368584/SRR11368584_1.fastq.gz;ftp.sra.ebi.ac.uk/vol1/fastq/SRR113/084/SRR11368584/SRR11368584_2.fastq.gz
SRR11368585	PRJNA613999	SRX7967351	SAMN14423277	Illumina NovaSeq 6000 sequencing; GSM4426636: Plate 1009901006; Schistosoma mansoni; RNA-Seq;GSM4426636: Plate 1009901006; Schistosoma mansoni; RNA-Seq	GEO	208311000	1041555	6183	RNA-Seq	cDNA	Swiss Webster female mice (NR-21963)	Swiss Webster female mice (NR-21963)			ftp.sra.ebi.ac.uk/vol1/fastq/SRR113/085/SRR11368585/SRR11368585_1.fastq.gz;ftp.sra.ebi.ac.uk/vol1/fastq/SRR113/085/SRR11368585/SRR11368585_2.fastq.gz
SRR11368673	PRJNA613999	SRX7967354	SAMN14423274	GSM4426639: Plate 1009901009; Schistosoma mansoni; RNA-Seq;Illumina NovaSeq 6000 sequencing; GSM4426639: Plate 1009901009; Schistosoma mansoni; RNA-Seq	GEO	220502400	1102512	6183	RNA-Seq	cDNA	Swiss Webster female mice (NR-21963)	Swiss Webster female mice (NR-21963)			ftp.sra.ebi.ac.uk/vol1/fastq/SRR113/073/SRR11368673/SRR11368673_1.fastq.gz;ftp.sra.ebi.ac.uk/vol1/fastq/SRR113/073/SRR11368673/SRR11368673_2.fastq.gz
SRR11368730	PRJNA613999	SRX7967361	SAMN14423267	GSM4426646: Plate 1009901016; Schistosoma mansoni; RNA-Seq;Illumina NovaSeq 6000 sequencing; GSM4426646: Plate 1009901016; Schistosoma mansoni; RNA-Seq	GEO	319739800	1598699	6183	RNA-Seq	cDNA	Swiss Webster female mice (NR-21963)	Swiss Webster female mice (NR-21963)			ftp.sra.ebi.ac.uk/vol1/fastq/SRR113/030/SRR11368730/SRR11368730_1.fastq.gz;ftp.sra.ebi.ac.uk/vol1/fastq/SRR113/030/SRR11368730/SRR11368730_2.fastq.gz
SRR11368764	PRJNA613999	SRX7967368	SAMN14423260	Illumina NovaSeq 6000 sequencing; GSM4426653: Plate 1009901023; Schistosoma mansoni; RNA-Seq;GSM4426653: Plate 1009901023; Schistosoma mansoni; RNA-Seq	GEO	240924200	1204621	6183	RNA-Seq	cDNA	Swiss Webster female mice (NR-21963)	Swiss Webster female mice (NR-21963)			ftp.sra.ebi.ac.uk/vol1/fastq/SRR113/064/SRR11368764/SRR11368764_1.fastq.gz;ftp.sra.ebi.ac.uk/vol1/fastq/SRR113/064/SRR11368764/SRR11368764_2.fastq.gz
SRR13777430	PRJNA704646	SRX10163013	SAMN18051762	RNA-seq of Schistosoma mansoni: pool of juvenile females with enriched resistant allele to praziquantel;Illumina HiSeq 4000 sequencing; RNA-seq of Schistosoma mansoni: pool of juvenile females with enriched resistant allele to praziquantel	SUB9086230	9107206828	30156314	6183	RNA-Seq	Oligo-dT				juvenile	ftp.sra.ebi.ac.uk/vol1/fastq/SRR137/030/SRR13777430/SRR13777430_1.fastq.gz;ftp.sra.ebi.ac.uk/vol1/fastq/SRR137/030/SRR13777430/SRR13777430_2.fastq.gz
SRR13777431	PRJNA704646	SRX10163012	SAMN18051761	RNA-seq of Schistosoma mansoni: pool of juvenile females with enriched resistant allele to praziquantel;Illumina HiSeq 4000 sequencing; RNA-seq of Schistosoma mansoni: pool of juvenile females with enriched resistant allele to praziquantel	SUB9086230	10493837110	34747805	6183	RNA-Seq	Oligo-dT				juvenile	ftp.sra.ebi.ac.uk/vol1/fastq/SRR137/031/SRR13777431/SRR13777431_1.fastq.gz;ftp.sra.ebi.ac.uk/vol1/fastq/SRR137/031/SRR13777431/SRR13777431_2.fastq.gz
SRR13777435	PRJNA704646	SRX10163008	SAMN18051757	RNA-seq of Schistosoma mansoni: pool of adult males with enriched resistant allele to praziquantel;Illumina HiSeq 4000 sequencing; RNA-seq of Schistosoma mansoni: pool of adult males with enriched resistant allele to praziquantel	SUB9086230	16365369430	54189965	6183	RNA-Seq	Oligo-dT				adult	ftp.sra.ebi.ac.uk/vol1/fastq/SRR137/035/SRR13777435/SRR13777435_1.fastq.gz;ftp.sra.ebi.ac.uk/vol1/fastq/SRR137/035/SRR13777435/SRR13777435_2.fastq.gz
SRR13777436	PRJNA704646	SRX10163007	SAMN18051777	RNA-seq of Schistosoma mansoni: pool of juvenile males with enriched sensitive allele to praziquantel;Illumina HiSeq 4000 sequencing; RNA-seq of Schistosoma mansoni: pool of juvenile males with enriched sensitive allele to praziquantel	SUB9086230	9546601426	31611263	6183	RNA-Seq	Oligo-dT				juvenile	ftp.sra.ebi.ac.uk/vol1/fastq/SRR137/036/SRR13777436/SRR13777436_1.fastq.gz;ftp.sra.ebi.ac.uk/vol1/fastq/SRR137/036/SRR13777436/SRR13777436_2.fastq.gz
SRR13777449	PRJNA704646	SRX10162994	SAMN18051765	RNA-seq of Schistosoma mansoni: pool of juvenile males with enriched resistant allele to praziquantel;Illumina HiSeq 4000 sequencing; RNA-seq of Schistosoma mansoni: pool of juvenile males with enriched resistant allele to praziquantel	SUB9086230	11382403858	37690079	6183	RNA-Seq	Oligo-dT				juvenile	ftp.sra.ebi.ac.uk/vol1/fastq/SRR137/049/SRR13777449/SRR13777449_1.fastq.gz;ftp.sra.ebi.ac.uk/vol1/fastq/SRR137/049/SRR13777449/SRR13777449_2.fastq.gz
SRR14704932	PRJNA734345	SRX11042934	SAMN19490065	RNA Seq of Schsitosoma mansoni cercarial head sample;Illumina HiSeq 2500 sequencing; RNA Seq of Schsitosoma mansoni cercarial head sample	SUB9781020	18281697900	60938993	6183	RNA-Seq	RANDOM	Biomphalaria glabrata	Biomphalaria glabrata			ftp.sra.ebi.ac.uk/vol1/fastq/SRR147/032/SRR14704932/SRR14704932_1.fastq.gz;ftp.sra.ebi.ac.uk/vol1/fastq/SRR147/032/SRR14704932/SRR14704932_2.fastq.gz
SRR14704933	PRJNA734345	SRX11042933	SAMN19490065	RNA Seq of Schsitosoma mansoni cercarial head sample;Illumina HiSeq 2500 sequencing; RNA Seq of Schsitosoma mansoni cercarial head sample	SUB9781020	20200521600	67335072	6183	RNA-Seq	RANDOM	Biomphalaria glabrata	Biomphalaria glabrata			ftp.sra.ebi.ac.uk/vol1/fastq/SRR147/033/SRR14704933/SRR14704933_1.fastq.gz;ftp.sra.ebi.ac.uk/vol1/fastq/SRR147/033/SRR14704933/SRR14704933_2.fastq.gz
SRR14704934	PRJNA734345	SRX11042932	SAMN19490065	RNA Seq of Schsitosoma mansoni cercarial head sample;Illumina HiSeq 2500 sequencing; RNA Seq of Schsitosoma mansoni cercarial head sample	SUB9781020	12347714100	41159047	6183	RNA-Seq	RANDOM	Biomphalaria glabrata	Biomphalaria glabrata			ftp.sra.ebi.ac.uk/vol1/fastq/SRR147/034/SRR14704934/SRR14704934_1.fastq.gz;ftp.sra.ebi.ac.uk/vol1/fastq/SRR147/034/SRR14704934/SRR14704934_2.fastq.gz
SRR14704931	PRJNA734345	SRX11042935	SAMN19490067	RNA Seq of Schsitosoma mansoni cercarial tail  sample;Illumina HiSeq 2500 sequencing; RNA Seq of Schsitosoma mansoni cercarial tail  sample	SUB9781020	23887106400	79623688	6183	RNA-Seq	RANDOM	Biomphalaria glabrata	Biomphalaria glabrata			ftp.sra.ebi.ac.uk/vol1/fastq/SRR147/031/SRR14704931/SRR14704931_1.fastq.gz;ftp.sra.ebi.ac.uk/vol1/fastq/SRR147/031/SRR14704931/SRR14704931_2.fastq.gz
SRR14704936	PRJNA734345	SRX11042930	SAMN19490067	RNA Seq of Schsitosoma mansoni cercarial tail  sample;Illumina HiSeq 2500 sequencing; RNA Seq of Schsitosoma mansoni cercarial tail  sample	SUB9781020	21444725400	71482418	6183	RNA-Seq	RANDOM	Biomphalaria glabrata	Biomphalaria glabrata			ftp.sra.ebi.ac.uk/vol1/fastq/SRR147/036/SRR14704936/SRR14704936_1.fastq.gz;ftp.sra.ebi.ac.uk/vol1/fastq/SRR147/036/SRR14704936/SRR14704936_2.fastq.gz
SRR17224866	PRJNA788556	SRX13404230	SAMN24011832	RNA-Seq of Schistosoma mansoni: miracidia;Illumina HiSeq 2500 sequencing; RNA-Seq of Schistosoma mansoni: miracidia	SUB10797472	10552942200	35176474	6183	RNA-Seq	Oligo-dT					ftp.sra.ebi.ac.uk/vol1/fastq/SRR172/066/SRR17224866/SRR17224866_1.fastq.gz;ftp.sra.ebi.ac.uk/vol1/fastq/SRR172/066/SRR17224866/SRR17224866_2.fastq.gz
